"Path","Platform","Compiled","Cooked","Permutations","Compiletime","CompiledDouble","CookedDouble"
"Globals","0","33","0","1","0.000000","0","0"
"/InterchangeAssets/gltf/M_Default.M_Default","0","518","602","32","583.091064","10","602"
"/InterchangeAssets/gltf/M_SpecularGlossiness.M_SpecularGlossiness","0","206","210","14","82.773575","0","210"
"/InterchangeAssets/gltf/M_ClearCoat.M_ClearCoat","0","152","128","8","27.784231","0","128"
"/InterchangeAssets/gltf/M_Transmission.M_Transmission","0","76","76","4","123.382660","0","76"
"/InterchangeAssets/gltf/M_Sheen.M_Sheen","0","110","120","6","0.000000","0","120"
"/InterchangeAssets/gltf/M_Unlit.M_Unlit","0","90","100","6","0.000000","0","100"
"/SpeedTreeImporter/SpeedTree9/SpeedTreeMaster.SpeedTreeMaster","0","28","32","1","0.000000","0","32"
"/SpeedTreeImporter/SpeedTree9/SpeedTreeBillboardMaster.SpeedTreeBillboardMaster","0","28","32","1","0.000000","0","32"
"/Game/FogArea/Materials/M_FogArea.M_FogArea","0","224","224","8","148.690781","0","224"
"/Game/materials/MasterMaterial/MasterMaterial.MasterMaterial","0","9","10","2","5.572011","0","10"
"/Engine/EngineSky/VolumetricClouds/m_SimpleVolumetricCloud.m_SimpleVolumetricCloud","0","90","90","1","3.783697","0","90"
"/Paper2D/DefaultSpriteMaterial.DefaultSpriteMaterial","0","36","42","2","0.000000","0","42"
"/Game/materials/pisoba?o/pisobanio.pisobanio","0","3","3","1","1.723639","0","3"
"/Game/Props/CuartoPadres/espejo/mirrorA_Mat.mirrorA_Mat","0","3","3","1","0.000000","0","3"
"/Game/Props/comedor/planta/Tropical_Plant.Tropical_Plant","0","3","3","1","1.687858","0","3"
"/Game/Props/CuartoPadres/valijas/phong1.phong1","0","3","3","1","0.000000","0","3"
"/Game/Props/Banio/baniadera/lambert1.lambert1","0","3","3","1","0.000000","0","3"
"/Game/Props/Banio/baniadera/Material_001.Material_001","0","3","3","1","0.000000","0","3"
"/Engine/EditorLandscapeResources/MaskBrushMaterial.MaskBrushMaterial","0","5","5","1","1.584504","0","5"
"/Engine/EngineMaterials/Widget3DPassThrough.Widget3DPassThrough","0","45","50","6","15.979317","0","50"
"/Game/Props/Banio/toalla/towels1_u1_v1.towels1_u1_v1","0","3","3","1","1.262854","0","3"
"/Game/Props/Assets_propios/velador/velador.velador","0","14","16","1","8.125639","0","16"
"/Game/Props/Banio/jabones/Material__44.Material__44","0","3","3","1","0.000000","0","3"
"/Game/Props/Banio/lavarropas/Material.Material","0","3","3","1","0.000000","0","3"
"/Game/Props/Banio/lavarropas/Material_003.Material_003","0","3","3","1","0.000000","0","3"
"/Game/Props/Cocina/alfombra/115_Braided_carpet.115_Braided_carpet","0","3","3","1","0.000000","0","3"
"/Game/Props/Cocina/DIARIO/Material_001.Material_001","0","3","3","1","1.708991","0","3"
"/Game/Props/Cocina/licuadora/Label.Label","0","3","3","1","0.593047","0","3"
"/Game/Props/Cocina/mixer/Label1.Label1","0","3","3","1","0.635836","0","3"
"/Game/Props/Cocina/tostadora/Label1.Label1","0","3","3","1","0.000000","0","3"
"/Game/Props/comedor/hanger/Wood.Wood","0","3","3","1","0.000000","0","3"
"/Game/Props/comedor/mueble1/lambert2.lambert2","0","3","3","1","1.606095","0","3"
"/Game/Props/comedor/mueble2/RetroBoard_Door.RetroBoard_Door","0","3","3","1","0.000000","0","3"
"/Game/Props/comedor/planta/Burnished_Clay_Pot.Burnished_Clay_Pot","0","10","10","1","14.588431","0","10"
"/Game/materials/Puerta_text/Mango.Mango","0","3","3","1","0.000000","0","3"
"/Game/materials/Puerta_text/Puerta.Puerta","0","3","3","1","0.000000","0","3"
"/Game/Props/armer?a/revolverlpm/Materials/rev_m.rev_m","0","3","3","1","0.000000","0","3"
"/Game/Props/Assets_propios/Candelabro/candelabro.candelabro","0","3","3","1","0.000000","0","3"
"/Game/Props/Atico/cuadro/cuadro.cuadro","0","3","3","1","0.000000","0","3"
"/Game/Props/Atico/cuadro/cuadro1.cuadro1","0","3","3","1","0.000000","0","3"
"/Game/Props/Atico/cuadro/cuadro2.cuadro2","0","3","3","1","0.000000","0","3"
"/Game/Props/Banio/brush/peine.peine","0","3","3","1","0.000000","0","3"
"/Game/Props/Banio/jabones/01_-_Default.01_-_Default","0","3","3","1","0.000000","0","3"
"/Game/Props/Banio/lavamanos/bronze.bronze","0","3","3","1","0.000000","0","3"
"/Game/Props/Banio/lavamanos/ceramicaceleste.ceramicaceleste","0","3","3","1","0.000000","0","3"
"/Game/Props/Banio/shampoo/Shampoo.Shampoo","0","3","3","1","0.000000","0","3"
"/Game/Props/Banio/shampoo/Shampoo1.Shampoo1","0","3","3","1","0.000000","0","3"
"/Game/Props/Banio/shampoo/Shampoo3.Shampoo3","0","3","3","1","0.000000","0","3"
"/Game/Props/Cocina/tostadora/Light.Light","0","3","3","1","1.164124","0","3"
"/Game/Props/comedor/cortina/fabric.fabric","0","10","10","1","12.830651","0","10"
"/Game/Props/comedor/cuadro2/Material_002.Material_002","0","3","3","1","1.211464","0","3"
"/Game/Props/Banio/shampoo/Shampoo2.Shampoo2","0","3","3","1","0.000000","0","3"
"/Game/Props/Banio/shampoo/Shampoo4.Shampoo4","0","3","3","1","0.000000","0","3"
"/Game/Props/Banio/shampoo/Shampoo5.Shampoo5","0","3","3","1","0.000000","0","3"
"/Game/Props/Banio/shampoo/Shampoo6.Shampoo6","0","3","3","1","0.000000","0","3"
"/Game/Props/Cocina/sillas/siilaa.siilaa","0","3","3","1","0.000000","0","3"
"/Game/Props/comedor/candelabro/m_.m_","0","3","3","1","0.000000","0","3"
"/Game/Props/CuartoPadres/luztecho/luztecho.luztecho","0","3","3","1","0.000000","0","3"
"/Game/Props/CuartoPadres/ropero/ropero.ropero","0","3","3","1","0.000000","0","3"
"/Game/Props/Cuarto_nenes/cucheta/madera_cama_txt.madera_cama_txt","0","3","3","1","0.000000","0","3"
"/Game/Props/Cuarto_nenes/cucheta/sabanas_txt.sabanas_txt","0","3","3","1","0.000000","0","3"
"/Game/Props/Cuarto_nenes/robot__toy/Materials/robot.robot","0","3","3","1","0.000000","0","3"
"/Game/Props/general/espejomaquillaje/maquiillajeespejo.maquiillajeespejo","0","3","3","1","0.000000","0","3"
"/Game/Props/livingRoom/muebleTV/m_mesa.m_mesa","0","3","3","1","0.000000","0","3"
"/Game/Props/livingRoom/sillon/m_sofa.m_sofa","0","3","3","1","0.000000","0","3"
"/Game/Props/letras/Dibujo0.Dibujo0","0","6","7","1","4.478287","0","7"
"/Game/Props/letras/Dibujo1.Dibujo1","0","6","7","1","3.503140","0","7"
"/Game/Props/letras/Dibujo2.Dibujo2","0","6","7","1","0.000000","0","7"
"/Game/Props/letras/Dibujo3.Dibujo3","0","6","7","1","3.080713","0","7"
"/HairStrands/Materials/HairDebugMaterial.HairDebugMaterial","0","57","63","1","0.000000","0","63"
"/ControlRig/M_Manip.M_Manip","0","8","9","1","0.000000","0","9"
"/Engine/VREditor/TransformGizmo/Xray.Xray","0","3","3","1","0.000000","0","3"
"/CameraCalibrationCore/Materials/M_DefaultOddSquare.M_DefaultOddSquare","0","4","4","1","0.000000","0","4"
"/CameraCalibrationCore/Materials/M_DefaultEvenSquare.M_DefaultEvenSquare","0","4","4","1","0.000000","0","4"
"/HairStrands/Materials/HairDefaultMaterial.HairDefaultMaterial","0","33","36","1","0.000000","0","36"
"/HairStrands/Materials/HairCardsDefaultMaterial.HairCardsDefaultMaterial","0","57","63","1","0.000000","0","63"
"/HairStrands/Materials/HairMeshesDefaultMaterial.HairMeshesDefaultMaterial","0","33","36","1","0.000000","0","36"
"/ControlRig/Controls/ControlRigXRayMaterial.ControlRigXRayMaterial","0","8","9","1","0.000000","0","9"
"/Engine/EngineMaterials/RemoveSurfaceMaterial.RemoveSurfaceMaterial","0","2","2","1","0.000000","0","2"
"/ControlRig/Controls/ControlRigGizmoMaterial.ControlRigGizmoMaterial","0","2","2","1","0.000000","0","2"
"/Game/Props/CuartoPadres/luzmesita/M_lamp_1_glass.M_lamp_1_glass","0","3","3","1","1.091998","0","3"
"/Engine/EngineDebugMaterials/DebugMeshMaterial.DebugMeshMaterial","0","7","7","1","0.548071","0","7"
"/Game/Props/CuartoPadres/labial/NewMaterial.NewMaterial","0","3","3","1","1.369556","0","3"
"/Game/Props/CuartoPadres/labial/NewMaterial1.NewMaterial1","0","3","3","1","1.215935","0","3"
"/Game/Props/CuartoPadres/luzmesita/M_lamp_bulb.M_lamp_bulb","0","3","3","1","1.344634","0","3"
"/Game/Props/Banio/jabones/02_-_Default.02_-_Default","0","3","3","1","0.986930","0","3"
"/Engine/EditorMaterials/PhAT_NoCollisionMaterial.PhAT_NoCollisionMaterial","0","5","5","1","0.457846","0","5"
"/Engine/EditorMaterials/PreviewShadowIndicatorMaterial.PreviewShadowIndicatorMaterial","0","25","25","1","0.640865","0","25"
"/Engine/EngineDebugMaterials/DebugEditorMaterial.DebugEditorMaterial","0","5","6","1","3.327736","0","6"
"/Engine/EditorMaterials/Dataflow/DataflowTwoSidedVertexMaterial.SculptMaterial","0","6","7","1","2.418555","0","7"
"/Engine/EngineMaterials/NaniteHiddenSectionMaterial.NaniteHiddenSectionMaterial","0","12","14","1","6.757866","0","14"
"/Engine/EngineMaterials/GizmoMaterial.GizmoMaterial","0","5","6","1","1.768967","0","6"
"/Engine/EditorMaterials/PhAT_UnselectedMaterial.PhAT_UnselectedMaterial","0","5","5","1","0.627383","0","5"
"/Engine/EngineMaterials/PPM_DefaultCalibrationGrayscale.PPM_DefaultCalibrationGrayscale","0","5","5","1","0.493339","0","5"
"/Engine/EngineMaterials/PPM_DefaultCalibrationColor.PPM_DefaultCalibrationColor","0","5","5","1","0.510771","0","5"
"/Engine/EngineMaterials/DefaultLightFunctionMaterial.DefaultLightFunctionMaterial","0","37","37","1","0.449985","0","37"
"/Engine/VREditor/TransformGizmo/TranslucentTransformGizmoMaterial.TranslucentTransformGizmoMaterial","0","5","5","1","0.658530","0","5"
"/Engine/EditorMaterials/Dataflow/DataflowVertexMaterial.DataflowVertexMaterial","0","6","6","1","3.444289","0","6"
"/Engine/EngineDebugMaterials/M_SimpleUnlitTranslucent.M_SimpleUnlitTranslucent","0","5","5","1","0.645898","0","5"
"/Engine/EditorMaterials/Dataflow/DataflowTwoSidedVertexMaterial.DataflowTwoSidedVertexMaterial","0","6","7","1","3.987054","0","7"
"/Engine/BasicShapes/BasicShapeMaterial.BasicShapeMaterial","0","9","9","1","3.005715","0","9"
"/Engine/VREditor/TransformGizmo/Main.Main","0","5","5","1","0.818233","0","5"
"/Engine/EditorLandscapeResources/SplineEditorMeshMat.SplineEditorMeshMat","0","10","12","1","6.291708","0","12"
"/Game/Props/CuartoPadres/mesitaLuz/Fbx_Default_Material_1.Fbx_Default_Material_1","0","3","3","1","1.256705","0","3"
"/Engine/EditorMaterials/Camera/CineMat.CineMat","0","6","6","1","2.895947","0","6"
"/Engine/VREditor/TransformGizmo/TransformGizmoMaterial.TransformGizmoMaterial","0","2","2","1","0.973950","0","2"
"/Engine/EngineMaterials/DefaultPostProcessMaterial.DefaultPostProcessMaterial","0","31","31","1","7.520227","0","31"
"/Engine/EngineMaterials/FlattenMaterial_WS_Normal_VT.FlattenMaterial_WS_Normal_VT","0","6","6","1","3.615154","0","6"
"/Engine/EngineMaterials/DefaultDeferredDecalMaterial.DefaultDeferredDecalMaterial","0","75","75","1","12.741886","0","75"
"/MediaPlate/M_MediaPlate_Opaque.M_MediaPlate_Opaque","0","5","6","1","2.669796","0","6"
"/Engine/EditorLandscapeResources/LayerVisMaterial.LayerVisMaterial","0","2","2","1","1.048659","0","2"
"/Engine/EditorLandscapeResources/LandscapeDirtyMaterial.LandscapeDirtyMaterial","0","5","5","1","1.615707","0","5"
"/Game/Props/comedor/mueble3/m.m","0","3","3","1","1.371171","0","3"
"/Game/Props/CuartoPadres/luzmesita/M_lamp_1_base.M_lamp_1_base","0","3","3","1","1.299116","0","3"
"/Engine/EngineMaterials/PhAT_JointLimitMaterial.PhAT_JointLimitMaterial","0","8","9","1","3.062893","0","9"
"/Engine/EditorLandscapeResources/ColorMaskBrushMaterial.ColorMaskBrushMaterial","0","5","5","1","1.566456","0","5"
"/Engine/EngineDebugMaterials/M_VolumeRenderSphereTracePP.M_VolumeRenderSphereTracePP","0","5","5","1","1.331051","0","5"
"/Engine/EditorLandscapeResources/SelectBrushMaterial.SelectBrushMaterial","0","10","10","2","3.269413","0","10"
"/Engine/EngineMaterials/EmissiveMeshMaterial.EmissiveMeshMaterial","0","14","14","1","4.055261","0","14"
"/Engine/EngineMaterials/M_InvalidLightmapSettings.M_InvalidLightmapSettings","0","6","6","1","2.873327","0","6"
"/Engine/EngineMaterials/FlattenMaterial_VT.FlattenMaterial_VT","0","6","6","1","2.651111","0","6"
"/Engine/EngineMaterials/DefaultMaterial.DefaultMaterial","0","24","24","1","12.888175","0","24"
"/Game/Props/Banio/toallas/toalla_blanca.toalla_blanca","0","3","3","1","1.225251","0","3"
"/Game/Props/Banio/toallas/toalla_blanca_001.toalla_blanca_001","0","3","3","1","0.000000","0","3"
"/Game/Props/Cocina/florero/lo_mat.lo_mat","0","14","16","1","8.345853","0","16"
"/Game/Props/Cocina/mesa/Material_001.Material_001","0","3","3","1","1.710870","0","3"
"/Engine/EngineMaterials/WorldGridMaterial.WorldGridMaterial","0","609","632","1","110.425911","0","632"
"/Engine/EngineMaterials/FlattenMaterial.FlattenMaterial","0","9","9","1","5.521618","0","9"
"/Game/Props/Banio/isopos/Material_002.Material_002","0","3","3","1","1.406488","0","3"
"/Game/Props/Banio/jabones/Material__49.Material__49","0","3","3","1","1.438703","0","3"
"/Game/Props/Banio/jabones/Material__48.Material__48","0","3","3","1","0.000000","0","3"
"/Game/Props/Banio/jabones/Material__47.Material__47","0","3","3","1","0.000000","0","3"
"/Game/Props/Banio/jabones/Material__46.Material__46","0","3","3","1","0.000000","0","3"
"/Game/Props/Banio/laundy/Material_001.Material_001","0","3","3","1","1.785900","0","3"
"/Game/Props/Banio/laundy/Wood.Wood","0","3","3","1","1.383110","0","3"
"/Game/Props/Cocina/tostadora/Color.Color","0","3","3","1","1.333251","0","3"
"/Game/Props/comedor/cuadro2/Material.Material","0","3","3","1","1.482719","0","3"
"/Game/Props/general/escaleritamia/Escalera_001.Escalera_001","0","3","3","1","1.432027","0","3"
"/Game/Props/Cocina/heladera/Mat_1.Mat_1","0","3","3","1","1.371341","0","3"
"/Engine/EngineMaterials/DefaultTextMaterialOpaque.DefaultTextMaterialOpaque","0","14","16","1","7.490898","0","16"
"/Game/Props/armer?a/Bandera/Material_001.Material_001","0","10","10","1","17.181559","0","10"
"/Game/Props/Cocina/heladera/Mat_4.Mat_4","0","3","3","1","1.325227","0","3"
"/Game/materials/vidrio/vidrioventana.vidrioventana","0","3","3","1","1.301929","0","3"
"/Game/Props/Cocina/heladera/Mat_3.Mat_3","0","3","3","1","1.413246","0","3"
"/Game/Props/Cocina/heladera/Mat.Mat","0","3","3","1","1.418133","0","3"
"/Game/Props/Cocina/heladera/Mat_5.Mat_5","0","3","3","1","1.341616","0","3"
"/Game/Props/Cocina/tostadora/BlackPlastic.BlackPlastic","0","3","3","1","1.373822","0","3"
"/Game/Props/Cocina/tostadora/Metal.Metal","0","3","3","1","1.255632","0","3"
"/Game/Props/Cocina/mixer/Plastic1.Plastic1","0","3","3","1","1.359857","0","3"
"/Game/Props/CuartoPadres/mesitaLuz/Material.Material","0","3","3","1","1.984832","0","3"
"/Game/Props/livingRoom/tocadiscos/lambert1.lambert1","0","3","3","1","1.386485","0","3"
"/Game/Props/Cocina/cocinaArriba/glass.glass","0","3","3","1","1.334604","0","3"
"/Game/Props/Cocina/licuadora/Plastic.Plastic","0","3","3","1","1.304571","0","3"
"/Game/Props/Cocina/mueble/glass.glass","0","3","3","1","0.000000","0","3"
"/Game/Props/Cocina/mueble/Material_001.Material_001","0","3","3","1","0.000000","0","3"
"/Game/Props/Cocina/mueblecito/Material_001.Material_001","0","3","3","1","0.000000","0","3"
"/Game/Props/Cocina/muebleEntero/glass.glass","0","3","3","1","0.000000","0","3"
"/Game/Props/Cocina/muebleEntero/Material_001.Material_001","0","3","3","1","0.000000","0","3"
"/Game/Props/comedor/mueble2/RetroBoard.RetroBoard","0","3","3","1","0.000000","0","3"
"/Game/Props/Banio/jabones/03_-_Default.03_-_Default","0","3","3","1","1.351319","0","3"
"/Game/Props/Cocina/licuadora/Metal.Metal","0","3","3","1","1.376587","0","3"
"/Game/Props/livingRoom/cuadro/Glass.Glass","0","3","3","1","1.328319","0","3"
"/Game/Props/livingRoom/cuadro/Wood.Wood","0","3","3","1","0.000000","0","3"
"/Game/Props/livingRoom/cuadro/WoodBackground.WoodBackground","0","3","3","1","0.000000","0","3"
"/Game/Props/livingRoom/cuadro/WoodPaddle.WoodPaddle","0","3","3","1","0.000000","0","3"
"/Game/Vefects/Free_Fire/Shared/Materials/M_VFX_Erosion.M_VFX_Erosion","0","26","26","2","14.094385","0","26"
"/Game/Props/decalbichote/decal_mm.decal_mm","0","11","11","1","5.814528","0","11"
"/Game/Props/livingRoom/tv/screenReflect.screenReflect","0","3","3","1","1.371572","0","3"
"/Game/Props/livingRoom/tv/wood.wood","0","3","3","1","0.000000","0","3"
"/Game/Props/Banio/ropa/ropa.ropa","0","3","3","1","0.000000","0","3"
"/Game/Props/general/switchluz.switchluz","0","3","3","1","0.000000","0","3"
"/Game/Props/comedor/cuadro/Mat-pic.Mat-pic","0","3","3","1","0.000000","0","3"
"/Game/Props/comedor/cuadro/Mat_picture.Mat_picture","0","3","3","1","0.000000","0","3"
"/Game/Props/livingRoom/silloncito/Green_Armchair_lowpoly.Green_Armchair_lowpoly","0","3","3","1","1.851528","0","3"
"/Game/Props/livingRoom/tv/back.back","0","3","3","1","1.751421","0","3"
"/Game/Props/Cocina/horno/03_-_Default.03_-_Default","0","3","3","1","1.128416","0","3"
"/Game/Props/Cocina/lababo/Sink.Sink","0","3","3","1","0.671028","0","3"
"/Game/Props/Cocina/propsVarios/DefaultMaterial.DefaultMaterial","0","3","3","1","0.000000","0","3"
"/Game/Props/comedor/alfombra/Doormate.Doormate","0","3","3","1","0.000000","0","3"
"/Game/Props/comedor/cuadro3/PictureFrame2.PictureFrame2","0","3","3","1","0.000000","0","3"
"/Game/Props/comedor/mesa/Chair.Chair","0","3","3","1","0.000000","0","3"
"/Game/Props/comedor/mesa/Table.Table","0","3","3","1","0.000000","0","3"
"/Game/Props/comedor/mueble1/lambert1.lambert1","0","3","3","1","0.000000","0","3"
"/Game/Props/CuartoPadres/cama/bed_wood_material.bed_wood_material","0","3","3","1","0.000000","0","3"
"/Game/Props/CuartoPadres/cama/bed_pillow_material.bed_pillow_material","0","3","3","1","0.000000","0","3"
"/Game/Props/CuartoPadres/cama/bed_mattres_material.bed_mattres_material","0","3","3","1","0.000000","0","3"
"/Game/Props/CuartoPadres/espejito/CosmeticMirror3.CosmeticMirror3","0","6","6","1","1.707093","0","6"
"/Game/Props/livingRoom/tocadiscos/lambert2.lambert2","0","3","3","1","0.000000","0","3"
"/Game/Props/Cocina/cocinaArriba/Material_001.Material_001","0","3","3","1","0.000000","0","3"
"/Game/Props/Cocina/cocinaAbajo/Material_001.Material_001","0","3","3","1","0.000000","0","3"
"/Game/Props/Cocina/lababo/Material_001.Material_001","0","3","3","1","0.000000","0","3"
"/Game/Props/comedor/planta2/lambert2.lambert2","0","3","3","1","1.750203","0","3"
"/Game/Props/general/banquito/Material_001.Material_001","0","3","3","1","1.277567","0","3"
"/Game/Props/Banio/toallas/Barra.Barra","0","3","3","1","1.287846","0","3"
"/Game/Props/Cocina/licuadora/normal.normal","0","3","3","1","1.296659","0","3"
"/Game/Props/Cocina/mixer/Metal.Metal","0","3","3","1","1.365998","0","3"
"/Game/Props/Cocina/mixer/Plastic2.Plastic2","0","3","3","1","1.345348","0","3"
"/Game/Props/Cocina/tostadora/Glass.Glass","0","3","3","1","0.000000","0","3"
"/Game/Props/comedor/radio/M_raiod.M_raiod","0","3","3","1","0.000000","0","3"
"/Game/Props/comedor/planta2/lambert3.lambert3","0","3","3","1","1.238627","0","3"
"/Game/Vefects/Free_Fire/Shared/Materials/M_VFX_HeatDistortion.M_VFX_HeatDistortion","0","14","14","1","6.532986","0","14"
"/Game/Props/Cocina/licuadora/Color.Color","0","3","3","1","1.232668","0","3"
"/Engine/EditorLandscapeResources/LandscapeLayerUsageMaterial.LandscapeLayerUsageMaterial","0","2","2","1","1.082919","0","2"
"/Game/Characters/Mannequins/Materials/M_Mannequin.M_Mannequin","0","56","64","2","0.000000","0","64"
"/Engine/VREditor/SnapGrid/SnapGridMaterial.SnapGridMaterial","0","14","14","1","4.336454","0","14"
"Globals","49","15774","0","1","0.000000","0","0"
"/InterchangeAssets/gltf/M_ClearCoat.M_ClearCoat","49","339","240","8","322.189880","0","240"
"/InterchangeAssets/gltf/M_Default.M_Default","49","733","817","32","495.103516","206","1093"
"/InterchangeAssets/gltf/M_Transmission.M_Transmission","49","112","112","4","72.944565","0","112"
"/InterchangeAssets/gltf/M_SpecularGlossiness.M_SpecularGlossiness","49","452","470","14","497.312744","0","446"
"/Game/FogArea/Materials/M_FogArea.M_FogArea","49","240","240","8","105.163605","0","240"
"/InterchangeAssets/gltf/M_Sheen.M_Sheen","49","158","168","6","0.000000","0","168"
"/Game/Characters/Mannequins/Materials/M_Mannequin.M_Mannequin","49","76","84","2","7.023614","0","84"
"/SpeedTreeImporter/SpeedTree9/SpeedTreeMaster.SpeedTreeMaster","49","44","48","1","0.000000","0","48"
"/SpeedTreeImporter/SpeedTree9/SpeedTreeBillboardMaster.SpeedTreeBillboardMaster","49","44","48","1","0.000000","0","48"
"/Engine/EngineMaterials/Widget3DPassThrough.Widget3DPassThrough","49","81","86","6","29.985165","3","86"
"/Engine/EditorLandscapeResources/LandscapeLayerUsageMaterial.LandscapeLayerUsageMaterial","49","7","7","1","4.123832","0","7"
"/InterchangeAssets/gltf/M_Unlit.M_Unlit","49","254","264","6","0.000000","0","264"
"/Game/Vefects/Free_Fire/Shared/Materials/M_VFX_Erosion.M_VFX_Erosion","49","42","42","2","22.487268","0","42"
"/Game/materials/MasterMaterial/MasterMaterial.MasterMaterial","49","29","30","2","7.968876","0","43"
"/Engine/EditorLandscapeResources/MaskBrushMaterial.MaskBrushMaterial","49","10","10","1","4.034486","3","10"
"/Engine/VREditor/SnapGrid/SnapGridMaterial.SnapGridMaterial","49","22","22","1","11.277972","0","22"
"/Engine/EngineSky/VolumetricClouds/m_SimpleVolumetricCloud.m_SimpleVolumetricCloud","49","93","93","1","0.000000","0","93"
"/Paper2D/DefaultSpriteMaterial.DefaultSpriteMaterial","49","58","64","2","0.000000","0","64"
"/Engine/EditorLandscapeResources/SelectBrushMaterial.SelectBrushMaterial","49","20","20","2","8.671122","0","20"
"/Game/Vefects/Free_Fire/Shared/Materials/M_VFX_HeatDistortion.M_VFX_HeatDistortion","49","26","26","1","9.362025","0","26"
"/Game/Props/Cocina/licuadora/Metal.Metal","49","13","13","1","7.079658","0","13"
"/Game/materials/pisoba?o/pisobanio.pisobanio","49","13","13","1","0.000000","0","13"
"/Game/Props/Assets_propios/velador/velador.velador","49","67","69","1","0.000000","0","69"
"/Game/Props/comedor/planta/Tropical_Plant.Tropical_Plant","49","13","13","1","0.000000","0","13"
"/Game/Props/comedor/planta2/lambert2.lambert2","49","13","13","1","6.714474","0","13"
"/Game/Props/comedor/planta2/lambert3.lambert3","49","13","13","1","7.791772","0","13"
"/Game/Props/CuartoPadres/cama/bed_wood_material.bed_wood_material","49","13","13","1","6.867215","0","13"
"/Game/Props/CuartoPadres/cama/bed_pillow_material.bed_pillow_material","49","13","13","1","0.000000","0","13"
"/Game/Props/CuartoPadres/cama/bed_mattres_material.bed_mattres_material","49","13","13","1","0.000000","0","13"
"/Game/Props/CuartoPadres/espejito/CosmeticMirror3.CosmeticMirror3","49","11","11","1","1.639043","0","11"
"/Game/Props/CuartoPadres/espejo/mirrorA_Mat.mirrorA_Mat","49","13","13","1","0.000000","0","13"
"/Game/Props/CuartoPadres/valijas/phong1.phong1","49","13","13","1","0.000000","0","13"
"/Game/Props/general/banquito/Material_001.Material_001","49","13","13","1","6.731099","0","13"
"/Game/Props/livingRoom/cuadro/Glass.Glass","49","13","13","1","7.181978","0","13"
"/Game/Props/livingRoom/cuadro/Wood.Wood","49","13","13","1","0.000000","0","13"
"/Game/Props/livingRoom/cuadro/WoodBackground.WoodBackground","49","13","13","1","0.000000","0","13"
"/Game/Props/livingRoom/cuadro/WoodPaddle.WoodPaddle","49","13","13","1","0.000000","0","13"
"/Game/Props/livingRoom/silloncito/Green_Armchair_lowpoly.Green_Armchair_lowpoly","49","13","13","1","6.621807","0","13"
"/Game/Props/livingRoom/tocadiscos/lambert1.lambert1","49","13","13","1","7.993354","0","13"
"/Game/Props/livingRoom/tocadiscos/lambert2.lambert2","49","13","13","1","0.000000","0","13"
"/Game/Props/Banio/baniadera/lambert1.lambert1","49","13","13","1","0.000000","0","13"
"/Game/Props/Banio/baniadera/Material_001.Material_001","49","13","13","1","0.000000","0","13"
"/Game/Props/Banio/toalla/towels1_u1_v1.towels1_u1_v1","49","13","13","1","0.000000","0","13"
"/Game/Props/decalbichote/decal_mm.decal_mm","49","14","14","1","5.659205","0","14"
"/Game/Props/livingRoom/tv/back.back","49","13","13","1","6.561860","0","13"
"/Game/Props/livingRoom/tv/screenReflect.screenReflect","49","13","13","1","6.807684","0","13"
"/Game/Props/livingRoom/tv/wood.wood","49","13","13","1","0.000000","0","13"
"/Game/Props/Banio/jabones/03_-_Default.03_-_Default","49","13","13","1","10.707954","0","13"
"/Game/Props/Banio/toallas/Barra.Barra","49","13","13","1","11.910299","0","13"
"/Game/Props/Cocina/cocinaArriba/glass.glass","49","13","13","1","6.601797","0","13"
"/Game/Props/Cocina/licuadora/Color.Color","49","13","13","1","6.656748","0","13"
"/Game/Props/Cocina/licuadora/normal.normal","49","13","13","1","6.988452","0","13"
"/Game/Props/Cocina/licuadora/Plastic.Plastic","49","13","13","1","10.989403","0","13"
"/Game/Props/Cocina/mixer/Metal.Metal","49","13","13","1","7.783612","0","13"
"/Game/Props/Cocina/mixer/Plastic1.Plastic1","49","13","13","1","7.526548","0","13"
"/Game/Props/Cocina/mixer/Plastic2.Plastic2","49","13","13","1","7.432879","0","13"
"/Game/Props/Cocina/mueble/glass.glass","49","13","13","1","0.000000","0","13"
"/Game/Props/Cocina/mueble/Material_001.Material_001","49","13","13","1","0.000000","0","13"
"/Game/Props/Cocina/mueblecito/Material_001.Material_001","49","13","13","1","0.000000","0","13"
"/Game/Props/Cocina/muebleEntero/glass.glass","49","13","13","1","0.000000","0","13"
"/Game/Props/Cocina/muebleEntero/Material_001.Material_001","49","13","13","1","0.000000","0","13"
"/Game/Props/Cocina/tostadora/BlackPlastic.BlackPlastic","49","13","13","1","6.895142","0","13"
"/Game/Props/Cocina/tostadora/Color.Color","49","13","13","1","5.857098","0","13"
"/Game/Props/Cocina/tostadora/Glass.Glass","49","13","13","1","0.000000","0","13"
"/Game/Props/Cocina/tostadora/Metal.Metal","49","13","13","1","6.944145","0","13"
"/Game/Props/comedor/cuadro2/Material.Material","49","13","13","1","7.007384","0","13"
"/Game/Props/comedor/mueble2/RetroBoard.RetroBoard","49","13","13","1","0.000000","0","13"
"/Game/Props/CuartoPadres/mesitaLuz/Material.Material","49","13","13","1","12.836005","0","13"
"/Game/Props/general/escaleritamia/Escalera_001.Escalera_001","49","13","13","1","6.213181","0","13"
"/Game/Props/Cocina/heladera/Mat_5.Mat_5","49","13","13","1","6.930680","0","13"
"/Game/Props/Cocina/heladera/Mat_4.Mat_4","49","13","13","1","6.986930","0","13"
"/Game/Props/Cocina/heladera/Mat_3.Mat_3","49","13","13","1","8.373205","0","13"
"/Game/Props/Cocina/heladera/Mat_1.Mat_1","49","13","13","1","7.002772","0","13"
"/Game/Props/Cocina/heladera/Mat.Mat","49","13","13","1","7.727346","0","13"
"/Game/materials/Puerta_text/Mango.Mango","49","13","13","1","0.000000","0","13"
"/Game/materials/Puerta_text/Puerta.Puerta","49","13","13","1","0.000000","0","13"
"/Game/materials/vidrio/vidrioventana.vidrioventana","49","13","13","1","6.108644","0","13"
"/Game/Props/armer?a/revolverlpm/Materials/rev_m.rev_m","49","13","13","1","0.000000","0","13"
"/Game/Props/Assets_propios/Candelabro/candelabro.candelabro","49","13","13","1","0.000000","0","13"
"/Game/Props/armer?a/Bandera/Material_001.Material_001","49","17","17","1","12.522017","0","17"
"/Game/Props/Banio/isopos/Material_002.Material_002","49","13","13","1","7.107562","0","13"
"/Game/Props/Banio/jabones/Material__49.Material__49","49","13","13","1","11.746956","0","13"
"/Game/Props/Banio/jabones/Material__48.Material__48","49","13","13","1","0.000000","0","13"
"/Game/Props/Banio/jabones/Material__47.Material__47","49","13","13","1","0.000000","0","13"
"/Game/Props/Banio/jabones/Material__46.Material__46","49","13","13","1","0.000000","0","13"
"/Game/Props/Banio/jabones/Material__44.Material__44","49","13","13","1","0.000000","0","13"
"/Game/Props/Banio/laundy/Material_001.Material_001","49","13","13","1","8.086406","0","13"
"/Game/Props/Banio/laundy/Wood.Wood","49","13","13","1","12.661904","0","13"
"/Game/Props/Banio/lavarropas/Material.Material","49","13","13","1","0.000000","0","13"
"/Game/Props/Banio/lavarropas/Material_003.Material_003","49","13","13","1","0.000000","0","13"
"/Game/Props/Banio/toallas/toalla_blanca.toalla_blanca","49","13","13","1","7.436549","0","13"
"/Game/Props/Banio/toallas/toalla_blanca_001.toalla_blanca_001","49","13","13","1","0.000000","0","13"
"/Game/Props/Cocina/alfombra/115_Braided_carpet.115_Braided_carpet","49","13","13","1","0.000000","0","13"
"/Game/Props/Cocina/DIARIO/Material_001.Material_001","49","13","13","1","0.000000","0","13"
"/Game/Props/Cocina/florero/lo_mat.lo_mat","49","67","69","1","84.535133","0","69"
"/Game/Props/Cocina/horno/03_-_Default.03_-_Default","49","13","13","1","0.000000","0","13"
"/Game/Props/Cocina/lababo/Sink.Sink","49","13","13","1","0.000000","0","13"
"/Game/Props/Cocina/licuadora/Label.Label","49","13","13","1","5.767259","0","13"
"/Game/Props/Cocina/mesa/Material_001.Material_001","49","13","13","1","6.659908","0","13"
"/Game/Props/Cocina/mixer/Label1.Label1","49","13","13","1","0.000000","0","13"
"/Game/Props/Cocina/propsVarios/DefaultMaterial.DefaultMaterial","49","13","13","1","0.000000","0","13"
"/Game/Props/Cocina/tostadora/Label1.Label1","49","13","13","1","0.000000","0","13"
"/Game/Props/Cocina/tostadora/Light.Light","49","13","13","1","6.572329","0","13"
"/Game/Props/comedor/alfombra/Doormate.Doormate","49","13","13","1","0.000000","0","13"
"/Game/Props/comedor/cortina/fabric.fabric","49","17","17","1","3.470510","0","17"
"/Game/Props/comedor/cuadro/Mat-pic.Mat-pic","49","13","13","1","0.000000","0","13"
"/Game/Props/comedor/cuadro/Mat_picture.Mat_picture","49","13","13","1","0.000000","0","13"
"/Game/Props/comedor/cuadro2/Material_002.Material_002","49","13","13","1","6.577191","0","13"
"/Game/Props/comedor/cuadro3/PictureFrame2.PictureFrame2","49","13","13","1","0.000000","0","13"
"/Game/Props/comedor/hanger/Wood.Wood","49","13","13","1","0.000000","0","13"
"/Game/Props/comedor/mesa/Chair.Chair","49","13","13","1","0.000000","0","13"
"/Game/Props/comedor/mesa/Table.Table","49","13","13","1","0.000000","0","13"
"/Game/Props/comedor/mueble1/lambert1.lambert1","49","13","13","1","0.000000","0","13"
"/Game/Props/comedor/mueble1/lambert2.lambert2","49","13","13","1","5.738351","0","13"
"/Game/Props/comedor/mueble2/RetroBoard_Door.RetroBoard_Door","49","13","13","1","0.000000","0","13"
"/Game/Props/comedor/planta/Burnished_Clay_Pot.Burnished_Clay_Pot","49","17","17","1","3.703026","0","17"
"","49","512","0","1","0.000000","513","0"
"/Engine/EngineMaterials/DefaultTextMaterialOpaque.DefaultTextMaterialOpaque","49","22","24","1","9.022439","0","24"
"/Engine/EngineMaterials/WorldGridMaterial.WorldGridMaterial","49","1817","1840","1","137.420502","0","1840"
"/ControlRig/M_Manip.M_Manip","49","13","14","1","0.000000","0","14"
"/Engine/EngineMaterials/PhAT_JointLimitMaterial.PhAT_JointLimitMaterial","49","13","14","1","5.288083","0","14"
"/Engine/EditorLandscapeResources/LayerVisMaterial.LayerVisMaterial","49","7","7","1","3.187689","0","7"
"/Engine/EditorLandscapeResources/ColorMaskBrushMaterial.ColorMaskBrushMaterial","49","10","10","1","4.372352","0","10"
"/Engine/EditorLandscapeResources/LandscapeDirtyMaterial.LandscapeDirtyMaterial","49","10","10","1","4.417766","0","10"
"/Engine/EngineMaterials/EmissiveMeshMaterial.EmissiveMeshMaterial","49","21","21","1","7.684470","0","21"
"/Engine/EngineMaterials/M_InvalidLightmapSettings.M_InvalidLightmapSettings","49","16","16","1","6.881368","0","16"
"/Engine/EngineMaterials/FlattenMaterial.FlattenMaterial","49","22","22","1","16.414581","0","22"
"/Engine/EngineMaterials/FlattenMaterial_VT.FlattenMaterial_VT","49","16","16","1","13.399759","0","16"
"/Engine/EngineMaterials/FlattenMaterial_WS_Normal_VT.FlattenMaterial_WS_Normal_VT","49","16","16","1","13.556880","0","16"
"/Game/Props/Atico/cuadro/cuadro.cuadro","49","13","13","1","0.000000","0","13"
"/Engine/EngineMaterials/DefaultMaterial.DefaultMaterial","49","45","45","1","12.479102","0","45"
"/Engine/EngineMaterials/DefaultDeferredDecalMaterial.DefaultDeferredDecalMaterial","49","80","80","1","13.033172","0","80"
"/Engine/EngineMaterials/DefaultPostProcessMaterial.DefaultPostProcessMaterial","49","32","32","1","9.002295","0","32"
"/Engine/EngineDebugMaterials/M_VolumeRenderSphereTracePP.M_VolumeRenderSphereTracePP","49","6","6","1","1.802294","0","6"
"/HairStrands/Materials/HairDebugMaterial.HairDebugMaterial","49","73","79","1","0.000000","0","79"
"/Engine/VREditor/TransformGizmo/TransformGizmoMaterial.TransformGizmoMaterial","49","7","7","1","3.982210","0","7"
"/Game/Props/Atico/cuadro/cuadro1.cuadro1","49","13","13","1","0.000000","0","13"
"/Game/Props/Atico/cuadro/cuadro2.cuadro2","49","13","13","1","0.000000","0","13"
"/Game/Props/Banio/brush/peine.peine","49","13","13","1","0.000000","0","13"
"/Game/Props/Banio/jabones/01_-_Default.01_-_Default","49","13","13","1","0.000000","0","13"
"/Game/Props/Banio/lavamanos/bronze.bronze","49","13","13","1","0.000000","0","13"
"/Game/Props/Banio/lavamanos/ceramicaceleste.ceramicaceleste","49","13","13","1","0.000000","0","13"
"/Game/Props/Banio/ropa/ropa.ropa","49","13","13","1","0.000000","0","13"
"/Game/Props/Banio/shampoo/Shampoo.Shampoo","49","13","13","1","0.000000","0","13"
"/Game/Props/Banio/shampoo/Shampoo1.Shampoo1","49","13","13","1","0.000000","0","13"
"/Game/Props/Banio/shampoo/Shampoo3.Shampoo3","49","13","13","1","0.000000","0","13"
"/Game/Props/Banio/shampoo/Shampoo2.Shampoo2","49","13","13","1","0.000000","0","13"
"/Game/Props/Banio/shampoo/Shampoo4.Shampoo4","49","13","13","1","0.000000","0","13"
"/Game/Props/Banio/shampoo/Shampoo5.Shampoo5","49","13","13","1","0.000000","0","13"
"/Game/Props/Banio/shampoo/Shampoo6.Shampoo6","49","13","13","1","0.000000","0","13"
"/Game/Props/Cocina/cocinaArriba/Material_001.Material_001","49","13","13","1","0.000000","0","13"
"/Game/Props/Cocina/cocinaAbajo/Material_001.Material_001","49","13","13","1","0.000000","0","13"
"/Game/Props/Cocina/lababo/Material_001.Material_001","49","13","13","1","0.000000","0","13"
"/Game/Props/Cocina/sillas/siilaa.siilaa","49","13","13","1","0.000000","0","13"
"/Game/Props/comedor/candelabro/m_.m_","49","13","13","1","0.000000","0","13"
"/Game/Props/comedor/mueble3/m.m","49","13","13","1","7.762553","0","13"
"/Game/Props/comedor/radio/M_raiod.M_raiod","49","13","13","1","0.000000","0","13"
"/Game/Props/CuartoPadres/luzmesita/M_lamp_1_base.M_lamp_1_base","49","13","13","1","8.033510","0","13"
"/Game/Props/CuartoPadres/luztecho/luztecho.luztecho","49","13","13","1","0.000000","0","13"
"/Game/Props/CuartoPadres/mesitaLuz/Fbx_Default_Material_1.Fbx_Default_Material_1","49","13","13","1","6.627465","0","13"
"/Game/Props/CuartoPadres/ropero/ropero.ropero","49","13","13","1","0.000000","0","13"
"/Game/Props/Cuarto_nenes/cucheta/madera_cama_txt.madera_cama_txt","49","8","8","1","0.000000","0","8"
"/Game/Props/Cuarto_nenes/cucheta/sabanas_txt.sabanas_txt","49","13","13","1","0.000000","0","13"
"/Game/Props/Cuarto_nenes/robot__toy/Materials/robot.robot","49","13","13","1","0.000000","0","13"
"/Game/Props/general/espejomaquillaje/maquiillajeespejo.maquiillajeespejo","49","13","13","1","0.000000","0","13"
"/Game/Props/livingRoom/muebleTV/m_mesa.m_mesa","49","13","13","1","0.000000","0","13"
"/Game/Props/livingRoom/sillon/m_sofa.m_sofa","49","13","13","1","0.000000","0","13"
"/Game/Props/general/switchluz.switchluz","49","13","13","1","0.000000","0","13"
"/Game/Props/letras/Dibujo0.Dibujo0","49","16","17","1","0.000000","0","17"
"/Game/Props/letras/Dibujo1.Dibujo1","49","16","17","1","0.000000","0","17"
"/Game/Props/letras/Dibujo2.Dibujo2","49","16","17","1","0.000000","0","17"
"/Game/Props/letras/Dibujo3.Dibujo3","49","16","17","1","0.000000","0","17"
"/MediaPlate/M_MediaPlate_Opaque.M_MediaPlate_Opaque","49","10","11","1","3.609269","0","11"
"/Engine/EngineMaterials/DefaultLightFunctionMaterial.DefaultLightFunctionMaterial","49","78","78","1","4.476503","0","78"
"/Engine/VREditor/TransformGizmo/Main.Main","49","10","10","1","3.112882","0","10"
"/Engine/VREditor/TransformGizmo/Xray.Xray","49","8","8","1","0.000000","0","8"
"/Engine/EditorMaterials/Camera/CineMat.CineMat","49","14","14","1","6.618276","0","14"
"/Engine/EditorLandscapeResources/SplineEditorMeshMat.SplineEditorMeshMat","49","22","24","1","13.970064","0","24"
"/CameraCalibrationCore/Materials/M_DefaultOddSquare.M_DefaultOddSquare","49","9","9","1","0.000000","0","9"
"/CameraCalibrationCore/Materials/M_DefaultEvenSquare.M_DefaultEvenSquare","49","9","9","1","0.000000","0","9"
"/HairStrands/Materials/HairDefaultMaterial.HairDefaultMaterial","49","42","45","1","0.000000","0","45"
"/HairStrands/Materials/HairCardsDefaultMaterial.HairCardsDefaultMaterial","49","73","79","1","0.000000","0","79"
"/HairStrands/Materials/HairMeshesDefaultMaterial.HairMeshesDefaultMaterial","49","42","45","1","0.000000","0","45"
"/Engine/VREditor/TransformGizmo/TranslucentTransformGizmoMaterial.TranslucentTransformGizmoMaterial","49","10","10","1","4.219268","0","10"
"/Engine/EngineDebugMaterials/M_SimpleUnlitTranslucent.M_SimpleUnlitTranslucent","49","10","10","1","3.419386","0","10"
"/Engine/EngineMaterials/PPM_DefaultCalibrationGrayscale.PPM_DefaultCalibrationGrayscale","49","6","6","1","0.300995","0","6"
"/Engine/EngineMaterials/PPM_DefaultCalibrationColor.PPM_DefaultCalibrationColor","49","6","6","1","0.407425","0","6"
"/ControlRig/Controls/ControlRigXRayMaterial.ControlRigXRayMaterial","49","13","14","1","0.000000","0","14"
"/Engine/BasicShapes/BasicShapeMaterial.BasicShapeMaterial","49","27","27","1","13.731864","0","27"
"/Engine/EditorMaterials/Dataflow/DataflowVertexMaterial.DataflowVertexMaterial","49","11","11","1","6.158011","0","11"
"/Engine/EditorMaterials/Dataflow/DataflowTwoSidedVertexMaterial.DataflowTwoSidedVertexMaterial","49","11","12","1","4.070848","0","12"
"/Engine/EditorMaterials/Dataflow/DataflowTwoSidedVertexMaterial.SculptMaterial","49","11","12","1","3.844078","0","12"
"/Engine/EngineMaterials/NaniteHiddenSectionMaterial.NaniteHiddenSectionMaterial","49","19","21","1","7.054092","0","21"
"/Engine/EngineMaterials/RemoveSurfaceMaterial.RemoveSurfaceMaterial","49","7","7","1","0.000000","0","7"
"/Engine/EngineDebugMaterials/DebugMeshMaterial.DebugMeshMaterial","49","12","12","1","0.513443","0","12"
"/Engine/EngineMaterials/GizmoMaterial.GizmoMaterial","49","10","11","1","3.035630","0","11"
"/Engine/EditorMaterials/PhAT_UnselectedMaterial.PhAT_UnselectedMaterial","49","10","10","1","3.260556","0","10"
"/Engine/EditorMaterials/PhAT_NoCollisionMaterial.PhAT_NoCollisionMaterial","49","10","10","1","3.498674","0","10"
"/Engine/EngineDebugMaterials/DebugEditorMaterial.DebugEditorMaterial","49","10","11","1","3.977975","0","11"
"/Engine/EditorMaterials/PreviewShadowIndicatorMaterial.PreviewShadowIndicatorMaterial","49","66","66","1","1.924725","0","66"
"/Game/Props/CuartoPadres/luzmesita/M_lamp_bulb.M_lamp_bulb","49","13","13","1","7.762705","0","13"
"/Game/Props/Banio/jabones/02_-_Default.02_-_Default","49","13","13","1","5.539421","0","13"
"/Game/Props/CuartoPadres/labial/NewMaterial.NewMaterial","49","13","13","1","7.878684","0","13"
"/Game/Props/CuartoPadres/labial/NewMaterial1.NewMaterial1","49","13","13","1","7.639355","0","13"
"/Game/Props/CuartoPadres/luzmesita/M_lamp_1_glass.M_lamp_1_glass","49","13","13","1","6.443371","0","13"
"/ControlRig/Controls/ControlRigGizmoMaterial.ControlRigGizmoMaterial","49","7","7","1","0.000000","0","7"
